"object_name","filename","lineno","listlabel"
start,p4src/decision_tree_BMV2.p4,98,pif_parrep_state_start
parse_ipv4,p4src/decision_tree_BMV2.p4,110,pif_parrep_state_parse_ipv4
parse_tcp,p4src/decision_tree_BMV2.p4,117,pif_parrep_state_parse_tcp
_condition_1,p4src/decision_tree_BMV2.p4,217,pif_ctlflow_state_ingress_flow__condition_1
_condition_0,p4src/decision_tree_BMV2.p4,215,pif_ctlflow_state_ingress_flow__condition_0
ingress::feature1_exact,p4src/decision_tree_BMV2.p4,164,pif_ctlflow_state_ingress_flow_ingress::feature1_exact
ingress::feature3_exact,p4src/decision_tree_BMV2.p4,186,pif_ctlflow_state_ingress_flow_ingress::feature3_exact
ingress::ipv4_exact,p4src/decision_tree_BMV2.p4,199,pif_ctlflow_state_ingress_flow_ingress::ipv4_exact
ingress::tbl_act,,1,pif_ctlflow_state_ingress_flow_ingress::tbl_act
ingress::feature2_exact,p4src/decision_tree_BMV2.p4,175,pif_ctlflow_state_ingress_flow_ingress::feature2_exact
ingress::act,,1,pif_action_state_ingress::act
ingress::set_actionselect2,p4src/decision_tree_BMV2.p4,154,pif_action_state_ingress::set_actionselect2
ingress::set_actionselect3,p4src/decision_tree_BMV2.p4,159,pif_action_state_ingress::set_actionselect3
ingress::set_actionselect1,p4src/decision_tree_BMV2.p4,149,pif_action_state_ingress::set_actionselect1
ingress::ipv4_forward,p4src/decision_tree_BMV2.p4,143,pif_action_state_ingress::ipv4_forward
ingress::drop,p4src/decision_tree_BMV2.p4,139,pif_action_state_ingress::drop
